"Jack","abc","abc",""
"Jack","abc","abc","{""gamesPlayed"":0,""livesLost"":0,""monstersSlain"":0,""goldEarned"":0,""itemsFound"":0}"
"Jack","abc","abc","{""gamesPlayed"":0,""livesLost"":0,""monstersSlain"":0,""goldEarned"":0,""itemsFound"":0}"
"Jack","abc","abc","{""gamesPlayed"":0,""livesLost"":0,""monstersSlain"":0,""goldEarned"":0,""itemsFound"":0}|{""gamesPlayed"":0,""livesLost"":0,""monstersSlain"":0,""goldEarned"":0,""itemsFound"":0}"
"Jack","abc","abc","{""gamesPlayed"":0,""livesLost"":0,""monstersSlain"":0,""goldEarned"":0,""itemsFound"":0}|{""gamesPlayed"":0,""livesLost"":0,""monstersSlain"":0,""goldEarned"":0,""itemsFound"":0}|{""gamesPlayed"":0,""livesLost"":0,""monstersSlain"":0,""goldEarned"":0,""itemsFound"":0}"
"Jack","abc","abc","{""gamesPlayed"":0,""livesLost"":0,""monstersSlain"":0,""goldEarned"":0,""itemsFound"":0}|{""gamesPlayed"":0,""livesLost"":0,""monstersSlain"":0,""goldEarned"":0,""itemsFound"":0}|{""gamesPlayed"":0,""livesLost"":0,""monstersSlain"":0,""goldEarned"":0,""itemsFound"":0}|{""gamesPlayed"":0,""livesLost"":0,""monstersSlain"":0,""goldEarned"":0,""itemsFound"":0}"
"Jack","abc","abc","{""gamesPlayed"":0,""livesLost"":0,""monstersSlain"":0,""goldEarned"":0,""itemsFound"":0}|{""gamesPlayed"":0,""livesLost"":0,""monstersSlain"":0,""goldEarned"":0,""itemsFound"":0}|{""gamesPlayed"":0,""livesLost"":0,""monstersSlain"":0,""goldEarned"":0,""itemsFound"":0}|{""gamesPlayed"":0,""livesLost"":0,""monstersSlain"":0,""goldEarned"":0,""itemsFound"":0}|{""gamesPlayed"":0,""livesLost"":0,""monstersSlain"":0,""goldEarned"":0,""itemsFound"":0}"
"Jack","abc","abc","{""gamesPlayed"":0,""livesLost"":0,""monstersSlain"":0,""goldEarned"":0,""itemsFound"":0}|{""gamesPlayed"":0,""livesLost"":0,""monstersSlain"":0,""goldEarned"":0,""itemsFound"":0}|{""gamesPlayed"":0,""livesLost"":0,""monstersSlain"":0,""goldEarned"":0,""itemsFound"":0}|{""gamesPlayed"":0,""livesLost"":0,""monstersSlain"":0,""goldEarned"":0,""itemsFound"":0}|{""gamesPlayed"":0,""livesLost"":0,""monstersSlain"":0,""goldEarned"":0,""itemsFound"":0}"
"Jack","abc","abc","{""gamesPlayed"":0,""livesLost"":0,""monstersSlain"":0,""goldEarned"":0,""itemsFound"":0}|{""gamesPlayed"":0,""livesLost"":0,""monstersSlain"":0,""goldEarned"":0,""itemsFound"":0}|{""gamesPlayed"":0,""livesLost"":0,""monstersSlain"":0,""goldEarned"":0,""itemsFound"":0}|{""gamesPlayed"":0,""livesLost"":0,""monstersSlain"":0,""goldEarned"":0,""itemsFound"":0}|{""gamesPlayed"":0,""livesLost"":0,""monstersSlain"":0,""goldEarned"":0,""itemsFound"":0}|{""gamesPlayed"":0,""livesLost"":0,""monstersSlain"":0,""goldEarned"":0,""itemsFound"":0}"
"Bob","abc","abc",""
"Bob","abc","abc","{""gamesPlayed"":0,""livesLost"":0,""monstersSlain"":0,""goldEarned"":0,""itemsFound"":0}"
"Jack","abc","abc","{""gamesPlayed"":0,""livesLost"":0,""monstersSlain"":0,""goldEarned"":0,""itemsFound"":0}|{""gamesPlayed"":0,""livesLost"":0,""monstersSlain"":0,""goldEarned"":0,""itemsFound"":0}|{""gamesPlayed"":0,""livesLost"":0,""monstersSlain"":0,""goldEarned"":0,""itemsFound"":0}|{""gamesPlayed"":0,""livesLost"":0,""monstersSlain"":0,""goldEarned"":0,""itemsFound"":0}|{""gamesPlayed"":0,""livesLost"":0,""monstersSlain"":0,""goldEarned"":0,""itemsFound"":0}|{""gamesPlayed"":0,""livesLost"":0,""monstersSlain"":0,""goldEarned"":0,""itemsFound"":0}|{""gamesPlayed"":0,""livesLost"":0,""monstersSlain"":0,""goldEarned"":0,""itemsFound"":0}"
"Bob","abc","abc","{""gamesPlayed"":0,""livesLost"":0,""monstersSlain"":0,""goldEarned"":0,""itemsFound"":0}|{""gamesPlayed"":0,""livesLost"":0,""monstersSlain"":0,""goldEarned"":0,""itemsFound"":0}"
"Charlie","abc","abc",""
"Charlie","abc","abc","{""gamesPlayed"":0,""livesLost"":0,""monstersSlain"":0,""goldEarned"":0,""itemsFound"":0}"
